student id,deputy warden name,deputy warden id,warden name,warden id,chief warden name,chief warden id,,,,,,,
O17431,krishna,111,jaswanth,115,sugunarao,113,,,,,,,
o17432,krishna abc,112,ramarao dfg,113,sugunarao ijk,114,,,,,,,
o17433,krishna,113,ramarao,114,sugunarao,115,,,,,,,
o17434,krishna abc,114,ramarao dfg,115,sugunarao ijk,116,,,,,,,
o17435,krishna,115,ramarao,116,sugunarao,117,,,,,,,
o17436,krishna abc,116,ramarao dfg,117,sugunarao ijk,118,,,,,,,
o17437,krishna,117,ramarao,118,sugunarao,119,,,,,,,
o17438,krishna abc,118,ramarao dfg,119,sugunarao ijk,120,,,,,,,
o17439,krishna,119,ramarao,120,sugunarao,121,,,,,,,
o17440,krishna abc,120,ramarao dfg,121,sugunarao ijk,122,,,,,,,`
o17441,krishna,121,ramarao,122,sugunarao,123,,,,,,,
